color_plane,alpha,beta
2,0.9381529928570214,-167.5712994696801
3,0.8877721220569639,-141.9273429172427
1,0.8071721762629708,-148.34039805251797
0,0.8989745876871669,-159.1261504841153
